prob_non_robust,prob_robust
2.1763926967315667e-08,0.0035557842097344843
8.470584695167438e-10,0.0044446061028241505
3.704318149700397e-08,0.003555746535087232
6.058456180625276e-10,0.004444559010830588
