prob_non_robust,prob_robust
5.578879584873258e-12,0.004363551957958058
3.636764666985587e-08,0.0036364135185939085
3.2410803055101305e-11,0.006213521101153007
