prob_non_robust,prob_robust
3.1935432437545934e-07,0.007999868601378416
2.2284527678696606e-10,0.013283363939112742
2.7044647276337667e-10,0.014097866333794121
