prob_non_robust,prob_robust
2.2748348550279146e-12,0.005312823296541517
3.788186451125066e-13,0.0012695913343818224
5.794249612839812e-12,0.0020479157278460564
2.9051711459514643e-12,0.0009068806714802873
