prob_non_robust,prob_robust
4.884146644323176e-18,0.0023492129567798995
2.0911209650334913e-18,0.0006276493851618926
1.4821590738741457e-12,0.0023492129567798995
2.2233116801149976e-12,0.0026738703280422436
