prob_non_robust,prob_robust
2.8924117493584653e-08,0.005859810606900896
3.214392250896534e-09,0.0021402764339173838
