prob_non_robust,prob_robust
7.410597374705583e-08,0.006869377562149048
9.234193854554242e-15,0.001131225179512401
3.197982795927883e-08,0.014290128492442898
3.1064538577095665e-10,0.014869010112549468
