prob_non_robust,prob_robust
5.214653618000585e-10,0.006702236076222943
7.745535659146702e-09,0.001298669158664645
4.70552890623927e-08,0.00621349424581864
