prob_non_robust,prob_robust
8.882995049025836e-09,0.009367239215212916
1.7247991522471386e-08,0.006635987619693736
