prob_non_robust,prob_robust
7.050450194791052e-08,0.004632810718516915
7.863218485025587e-09,0.004692360160564202
1.3339756297986454e-12,0.003308385827627235
