prob_non_robust,prob_robust
7.527470876669255e-09,0.0036756177236269036
1.0802258784688543e-10,0.004324319567063879
