prob_non_robust,prob_robust
1.763563402018631e-07,0.01199921488237077
1.1193154745106464e-08,0.015998907614766106
