"File Number","3","13","23"
"1","0.7280019773035649","0.19146630397054104","0.053208501950647934","0.020538457397614916","0.0033960258866538437","0.0015226174377910074","0.0005352774670459302","5.1301369576872634e-05","4.903868275491463e-06","0.0010537696905146832","0.00022086365777352254"
"2","0.3519929955691988","0.21198681662640853","0.1645747858407556","0.09586281260248669","0.05330954057270255","0.03301426574864802","0.021334381845600648","0.015112773431724966","0.01594979831998755","0.02099053583723565","0.01587129360525064"
"3","0.2440015100724786","0.1821226174438404","0.16075525754550618","0.11946149819538063","0.0834719771308701","0.05755211605087698","0.04197167393690432","0.03359913091729357","0.029472083891478828","0.026391768710749244","0.0212003661046209"
