"File Number","3","13","23"
"1","0.7078105271897469","0.21687285454629326","0.05484881814931603","0.014834116676263267","0.003836781312440855","0.0013153639471156226","0.00039815629014251346","7.282205957700957e-05","1.0191678022072937e-05","3.6440470512690335e-07","3.74637707543482e-09"
"2","0.2731626919383688","0.24547313132514362","0.1975758910657233","0.11625684344907511","0.06370573145004324","0.03436276876039636","0.02238304228951487","0.020144647076444318","0.019506471339144304","0.005795470226450666","0.0016333110796954947"
"3","0.16294405461427064","0.21479095288187927","0.19288808762971546","0.1363850926923609","0.09338051869542073","0.06644593406001564","0.05054677895775958","0.039955915611922084","0.029264372878279703","0.010643607304731125","0.0027546846736449023"
