"File Number","3","13","23"
"1","0.6961392181472829","0.2357005104283539","0.05094991427628465","0.01127286896293999","0.003143106005804274","0.0010648048364109697","0.0005710471252366248","0.0004890850554118495","0.00033275456176079196","0.0002240137945091376","9.669351586695595e-05","1.3110191946839787e-05","2.0950447122577714e-06","5.336733547206678e-07","1.7197717160436745e-07","5.393257579865762e-08","1.506876287051159e-08","2.9675475293555383e-09","3.984806667161395e-10","3.424402716863816e-11","1.3416216109648128e-12"
"2","0.25166730204956894","0.2499784074161315","0.20306986369335622","0.13177387131351145","0.07545040878540447","0.04033576368018478","0.02120274182417431","0.011526949270850599","0.006815525032837252","0.004146832806393853","0.0022613575923976434","0.0010313863474400954","0.00043584461878960854","0.00017496618484954326","7.226396384222916e-05","3.1755282987113225e-05","1.4716715786986873e-05","6.761099365710031e-06","2.600146087960456e-06","6.321592415867804e-07","5.0016797242150674e-08"
"3","0.10888543041133314","0.15915980935382668","0.1703382546220997","0.14864645384620298","0.11588387253007393","0.08511129116544786","0.061453182767940914","0.045084174170664355","0.034111698023009326","0.026126023747832943","0.018970230835304528","0.01146009227026613","0.006581366556069998","0.003634031862776529","0.002022318769144855","0.001155669997588535","0.0006743601907180676","0.0003881944316487763","0.0002053066282141617","8.7006297917286e-05","2.123152192020122e-05"
