Diseases ,0,1,2,3,4
File Number,,,,,
3,0.745589129,0.18949109,0.047707169,0.013753286,0.003459325
,,,,,
13,0.419995162,0.200019041,0.219987182,0.119994713,0.040003903
,,,,,
23,0.219982911,0.280055393,0.179949388,0.140023221,0.179989086
