"File Number","3","13","23"
"1","0.7057408561908137","0.21899538265161628","0.05532117973715186","0.014953822351640875","0.0036871149337828982","0.00105761378491697","0.00022126602016399557","2.182544163440368e-05","9.216329667814926e-07","1.7138766164011126e-08","1.1654610405050636e-10"
"2","0.24290781436140876","0.2704810337640122","0.18345437388872307","0.11687550390060004","0.0791069537786148","0.055001684202798246","0.03346191567187793","0.014457330735951332","0.003726896869874286","0.0004998114690434146","2.6681357095292498e-05"
"3","0.1262979814334498","0.20003906952794445","0.18840481998591507","0.16698345375535925","0.13779615348736374","0.09587175723136085","0.05379976561849558","0.02291078285826817","0.006671370910777109","0.001140450588285669","8.439460278036048e-05"
