"File Number","3","13","23"
"1","0.7599999511003235","0.15595677920482015","0.06901668954398983","0.014096573453379363","0.000930006697487151"
"2","0.41999997236444764","0.19999962161859952","0.22000043378094647","0.11999951123682515","0.04000046099918118"
"3","0.21999541632981423","0.27999401881977104","0.1800095071277637","0.13999411693941127","0.18000694078323962"
