"File Number","3","13","23"
"1","0.6800371743838334","0.18000427712088363","0.05999875520433423","0.05997359623820737","0.01998619705274157"
"2","0.4000368333544905","0.2599490576846027","0.2000470621130731","0.09997925819540178","0.03998778865243184"
"3","0.380009153967408","0.21997173589109115","0.16002762205911128","0.19998563228569619","0.04000585579669387"
