prob_non_robust,prob_robust
2.1763926967315667e-08,0.01915819640377867
8.470584695167438e-10,0.01587047937543336
3.704318149700397e-08,0.021826821861859677
6.058456180625276e-10,0.01808114495170221
