prob_non_robust,prob_robust
2.21428939654052e-08,0.027819505182967164
2.4322168450332584e-13,0.011464693640708503
7.029630348364227e-09,0.0096267419177608
2.4472505202838996e-12,0.018908788682873694
