prob_non_robust,prob_robust
4.2296441176907756e-08,0.026997244033034117
