prob_non_robust,prob_robust
2.2748348550279146e-12,0.014045732072835413
3.788186451125066e-13,0.00892923049979237
5.794249612839812e-12,0.006620585598442826
2.9051711459514643e-12,0.004449303578971571
