prob_non_robust,prob_robust
5.578879584873258e-12,0.017367590643571917
3.636764666985587e-08,0.007688800180690291
3.2410803055101305e-11,0.018319053795394825
