prob_non_robust,prob_robust
3.1935432437545934e-07,0.014731170256711326
2.2284527678696606e-10,0.030440466310796978
2.7044647276337667e-10,0.02981370946222329
