prob_non_robust,prob_robust
4.884146644323176e-18,0.012217544615599908
2.0911209650334913e-18,0.006657464809576058
1.4821590738741457e-12,0.012217544615599908
2.2233116801149976e-12,0.00890739978494096
