prob_non_robust,prob_robust
2.8924117493584653e-08,0.022857139258576773
3.214392250896534e-09,0.017142949519138355
