prob_non_robust,prob_robust
7.410597374705583e-08,0.01845053479021897
9.234193854554242e-15,0.013574353366409409
3.197982795927883e-08,0.02138156047389832
3.1064538577095665e-10,0.03947297906282578
