prob_non_robust,prob_robust
5.214653618000585e-10,0.023884417851707265
7.745535659146702e-09,0.012221662715344101
4.70552890623927e-08,0.013749516236225097
