prob_non_robust,prob_robust
8.882995049025836e-09,0.03770294255657723
1.7247991522471386e-08,0.01955808387513244
