prob_non_robust,prob_robust
7.050450194791052e-08,0.012749289360267035
7.863218485025587e-09,0.017251042829930438
1.3339756297986454e-12,0.012749289360267035
