prob_non_robust,prob_robust
7.527470876669255e-09,0.01670019835463097
1.0802258784688543e-10,0.01670019835463097
