prob_non_robust,prob_robust
1.763563402018631e-07,0.02675173062781988
1.1193154745106464e-08,0.03142986270408277
